id;name;image;image_content_type
1;Clothing;../fake-data/blob/hipster.png;image/png
2;Lake;../fake-data/blob/hipster.png;image/png
3;National;../fake-data/blob/hipster.png;image/png
4;Granite world-class;../fake-data/blob/hipster.png;image/png
5;Poland;../fake-data/blob/hipster.png;image/png
6;withdrawal Pants Manager;../fake-data/blob/hipster.png;image/png
7;methodology matrix SMTP;../fake-data/blob/hipster.png;image/png
8;Bedfordshire Rustic;../fake-data/blob/hipster.png;image/png
9;overriding Soap eyeballs;../fake-data/blob/hipster.png;image/png
10;Hawaii 5th generation Refined;../fake-data/blob/hipster.png;image/png
